{"name":"9cd0f1a0-bbcc-41ee-ba34-856cabc2a12a","id":"/providers/Microsoft.Flow/flows/9cd0f1a0-bbcc-41ee-ba34-856cabc2a12a","type":"Microsoft.Flow/flows","properties":{"apiId":"/providers/Microsoft.PowerApps/apis/shared_logicflows","displayName":"Teams message - Set reminder","definition":{"metadata":{"workflowEntityId":null,"processAdvisorMetadata":null,"flowclientsuspensionreason":"None","flowclientsuspensiontime":null,"creator":{"id":"7909c079-8e28-4ee7-8e21-604f04268418","type":"User","tenantId":"ae20e872-4d33-4665-bbb2-2d9e730ed22a"},"provisioningMethod":"FromDefinition","failureAlertSubscription":true,"clientLastModifiedTime":"2021-11-10T15:01:31.991716Z"},"$schema":"https://schema.management.azure.com/providers/Microsoft.Logic/schemas/2016-06-01/workflowdefinition.json#","contentVersion":"1.0.0.0","parameters":{"$connections":{"defaultValue":{},"type":"Object"},"$authentication":{"defaultValue":{},"type":"SecureObject"}},"triggers":{"manual":{"splitOn":"@triggerBody()['rows']","metadata":{"operationMetadataId":"cf2ace53-5ec3-45af-a785-20660b62c552","flowSystemMetadata":{"swaggerOperationId":"ForASelectedMessage","taskModuleWidth":"500","taskModuleHeight":"200","inputsAdaptiveCard":"{\"$schema\":\"http://adaptivecards.io/schemas/adaptive-card.json\",\"type\":\"AdaptiveCard\",\"version\":\"1.2\",\"body\":[{\"text\":\"When do you want to be reminded?\",\"type\":\"TextBlock\",\"id\":\"1\"},{\"type\":\"TextBlock\",\"text\":\"Remind me in:\",\"wrap\":true,\"separator\":true,\"id\":\"3\"},{\"type\":\"ColumnSet\",\"columns\":[{\"width\":\"stretch\",\"type\":\"Column\",\"items\":[{\"placeholder\":\"10\",\"type\":\"Input.Number\",\"min\":0,\"id\":\"Time to add\"}]},{\"width\":\"stretch\",\"type\":\"Column\",\"items\":[{\"text\":\"Minutes\",\"type\":\"TextBlock\"}]}]}],\"actions\":[{\"type\":\"Action.Submit\",\"title\":\"Submit\",\"id\":\"6\"}],\"-ms-tokens\":{}}"}},"type":"Request","kind":"ApiConnection","inputs":{"schema":{"type":"object","properties":{"rows":{"type":"array","items":{"type":"object","properties":{"entity":{"type":"object","properties":{"cardOutputs":{"type":"object","properties":{"time to add":{"title":"time to add","type":"number"}}},"teamsFlowRunContext":{"type":"object","properties":{"messagePayload":{"type":"object","properties":{"body":{"type":"object","properties":{"content":{"title":"Message Content","type":"string"},"plainText":{"title":"Plain Text Message Content","type":"string"}},"required":[]},"linkToMessage":{"title":"Link to message","type":"string"},"from":{"type":"object","properties":{"user":{"type":"object","properties":{"displayName":{"title":"Sender User Display Name","type":"string"}},"required":[]}},"required":[]},"id":{"title":"Message ID","type":"string"}},"required":[]},"localTimezone":{"title":"Local Time Zone","type":"string"}}}},"required":["cardOutputs","teamsFlowRunContext"]}},"required":["entity"]}}},"required":["rows"]},"host":{"connection":{"name":"@parameters('$connections')['shared_teams']['connectionId']"},"api":{"runtimeUrl":"https://europe-002.azure-apim.net/apim/teams"}},"operationId":"ForASelectedMessage","parameters":{"inputsAdaptiveCard":"{\"$schema\":\"http://adaptivecards.io/schemas/adaptive-card.json\",\"type\":\"AdaptiveCard\",\"version\":\"1.2\",\"body\":[{\"text\":\"When do you want to be reminded?\",\"type\":\"TextBlock\",\"id\":\"1\"},{\"type\":\"TextBlock\",\"text\":\"Remind me in:\",\"wrap\":true,\"separator\":true,\"id\":\"3\"},{\"type\":\"ColumnSet\",\"columns\":[{\"width\":\"stretch\",\"type\":\"Column\",\"items\":[{\"placeholder\":\"10\",\"type\":\"Input.Number\",\"min\":0,\"id\":\"Time to add\"}]},{\"width\":\"stretch\",\"type\":\"Column\",\"items\":[{\"text\":\"Minutes\",\"type\":\"TextBlock\"}]}]}],\"actions\":[{\"type\":\"Action.Submit\",\"title\":\"Submit\",\"id\":\"6\"}],\"-ms-tokens\":{}}","taskModuleWidth":500,"taskModuleHeight":200}}}},"actions":{"Delay_-_Wait_for_sending_reminder":{"runAfter":{"Get_my_profile_(V2)":["Succeeded"]},"metadata":{"operationMetadataId":"dfca114f-b69b-48fd-896d-8bbc63b2fe74"},"type":"Wait","inputs":{"interval":{"count":"@triggerBody()?['entity']?['cardOutputs']?['time to add']","unit":"Minute"}}},"Get_my_profile_(V2)":{"runAfter":{},"metadata":{"operationMetadataId":"3b68f351-8f4e-4416-aee9-cb6587b4baad"},"type":"OpenApiConnection","inputs":{"host":{"apiId":"/providers/Microsoft.PowerApps/apis/shared_office365users","connectionName":"shared_office365users","operationId":"MyProfile_V2"},"parameters":{},"authentication":{"value":"@json(decodeBase64(triggerOutputs().headers['X-MS-APIM-Tokens']))['$ConnectionKey']","type":"Raw"}}},"Post_adaptive_card_in_a_chat_or_channel_-_Send_reminder":{"runAfter":{"Delay_-_Wait_for_sending_reminder":["Succeeded"]},"metadata":{"operationMetadataId":"8b27b5a1-8f50-4191-afd1-7cdd05c99a46"},"type":"OpenApiConnection","inputs":{"host":{"apiId":"/providers/Microsoft.PowerApps/apis/shared_teams","connectionName":"shared_teams","operationId":"PostCardToConversation"},"parameters":{"poster":"Flow bot","location":"Chat with Flow bot","body/recipient":"@{outputs('Get_my_profile_(V2)')?['body/mail']};","body/messageBody":"{\n    \"type\": \"AdaptiveCard\",\n    \"actions\": [\n        {\n            \"type\": \"Action.OpenUrl\",\n            \"title\": \"View\",\n            \"url\": \"@{triggerBody()?['entity']?['teamsFlowRunContext']?['messagePayload']?['linkToMessage']}\"\n        }\n    ],\n    \"$schema\": \"http://adaptivecards.io/schemas/adaptive-card.json\",\n    \"version\": \"1.2\",\n    \"body\": [\n        {\n            \"type\": \"TextBlock\",\n            \"text\": \"Message reminder\",\n            \"wrap\": true,\n            \"size\": \"Large\",\n            \"weight\": \"Bolder\"\n        },\n        {\n            \"type\": \"TextBlock\",\n            \"text\": \"Message:\",\n            \"wrap\": true,\n            \"weight\": \"Bolder\",\n            \"spacing\": \"None\"\n        },\n        {\n            \"type\": \"TextBlock\",\n            \"text\": \"@{triggerBody()?['entity']?['teamsFlowRunContext']?['messagePayload']?['body']?['plainText']}\",\n            \"wrap\": true,\n            \"weight\": \"Lighter\",\n            \"size\": \"Small\"\n        }\n    ]\n}"},"authentication":{"value":"@json(decodeBase64(triggerOutputs().headers['X-MS-APIM-Tokens']))['$ConnectionKey']","type":"Raw"}}}}},"connectionReferences":{"shared_teams":{"connectionName":"shared-teams-c9f90272-ed02-413f-99bf-4dd80fcbbc1c","source":"Invoker","id":"/providers/Microsoft.PowerApps/apis/shared_teams","tier":"NotSpecified"},"shared_office365users":{"connectionName":"8e395c2cdd8a4f06ac0e7fbc5a72025d","source":"Invoker","id":"/providers/Microsoft.PowerApps/apis/shared_office365users","tier":"NotSpecified"}},"flowFailureAlertSubscribed":false}}